"Reference","Value","Datasheet","Footprint","Qty","DNP","Description"
"C1,C3,C4","100n","","Capacitor_THT:C_Disc_D7.5mm_W2.5mm_P5.00mm,Capacitor_THT:C_Disc_D8.0mm_W2.5mm_P5.00mm","3","","Decouplage,Decouplage registre,Unpolarized capacitor"
"C2","470u","","Capacitor_THT:CP_Radial_D10.0mm_P5.00mm_P7.50mm","1","","Polarized capacitor"
"C5","220u","","Capacitor_THT:CP_Radial_D8.0mm_P5.00mm","1","","Condensateur faible ESR 220µF/25V"
"C6","2.2u","","Capacitor_THT:C_Disc_D7.5mm_W2.5mm_P5.00mm","1","","Debouncing capa"
"C11","1u","","Capacitor_THT:C_Disc_D7.5mm_W2.5mm_P5.00mm","1","","Unpolarized capacitor"
"D11","Red LED","","","1","","Green LED"
"D12","Blue LED","","","1","","Green LED"
"D13","Gre LED1","","Resistor_THT:R_Axial_DIN0204_L3.6mm_D1.6mm_P7.62mm_Horizontal","1","","Green LED"
"D14","Gre LED2","","Resistor_THT:R_Axial_DIN0204_L3.6mm_D1.6mm_P7.62mm_Horizontal","1","","Green LED"
"D15","Yel LED","","Resistor_THT:R_Axial_DIN0204_L3.6mm_D1.6mm_P7.62mm_Horizontal","1","","Green LED"
"D16","LED","","","1","","Low Power (2mA) green LED - RPi activity light"
"DC-jack21,JPWR01,JPWR02,Power-switch10","","https://www.nidec-components.com/e/catalog/switch/cas.pdf","Button_Switch_SMD:Nidec_Copal_CAS-120A,Connector_JST:JST_XH_B2B-XH-A_1x02_P2.50mm_Vertical,Connector_Molex:Molex_KK-396_A-41791-0002_1x02_P3.96mm_Vertical","4","","DC Barrel Jack (Power),JST Power in,Switch, single pole double throw,USB hub power out"
"J1,J4","Conn_01x04_Pin","","Connector_JST:JST_XH_B4B-XH-A_1x04_P2.50mm_Vertical","2","","Generic connector, single row, 01x04, script generated"
"J2,J3,J1001,J1002","Conn_01x03_Pin","","Connector_JST:JST_XH_B3B-XH-A_1x03_P2.50mm_Vertical","4","","Generic connector, single row, 01x03, script generated,Jack 3.5 TRS"
"J5","Conn_01x06_Pin","","Connector_JST:JST_XH_B6B-XH-A_1x06_P2.50mm_Vertical","1","","LEDs JST"
"J6","Conn_01x02_Pin","","Connector_PinHeader_2.54mm:PinHeader_1x02_P2.54mm_Vertical","1","","Generic connector, single row, 01x02, script generated"
"J11","AudioJack4","","","1","","Audio Jack, 4 Poles (TRRS)"
"J40","GPIO","","Connector_PinSocket_2.54mm:PinSocket_2x20_P2.54mm_Vertical","1","","Generic connector, double row, 02x20, odd/even pin numbering scheme (row 1 odd numbers, row 2 even numbers), script generated (kicad-library-utils/schlib/autogen/connector/)"
"JP1,JP2,JP3","Jumper_2_Small_Open","","TestPoint:TestPoint_2Pads_Pitch2.54mm_Drill0.8mm","3","","Jumper, 2-pole, small symbol, open"
"JUSB12","USB_A","","Connector_USB:USB_A_Molex_105057_Vertical","1","","USB Type A connector"
"Q1","IRF4905","http://www.infineon.com/dgdl/irf4905.pdf?fileId=5546d462533600a4015355e32165197c","Package_TO_SOT_THT:TO-220-3_Vertical","1","","-74A Id, -55V Vds, Single P-Channel HEXFET Power MOSFET, 20mOhm Ron, TO-220AB"
"Q2","2N7000","https://www.vishay.com/docs/70226/70226.pdf","Package_TO_SOT_THT:TO-92_Inline","1","","0.2A Id, 200V Vds, N-Channel MOSFET, 2.6V Logic Level, TO-92"
"R1,R2,R5","180","","Resistor_THT:R_Axial_DIN0204_L3.6mm_D1.6mm_P7.62mm_Horizontal","3","","Resistor"
"R3,R4","300","","Resistor_THT:R_Axial_DIN0204_L3.6mm_D1.6mm_P7.62mm_Horizontal","2","","Resistor"
"R6,R9,R10","10k","","Resistor_THT:R_Axial_DIN0204_L3.6mm_D1.6mm_P7.62mm_Horizontal,Resistor_THT:R_Axial_DIN0207_L6.3mm_D2.5mm_P7.62mm_Horizontal","3","","Debouncing pull-up,Resistor"
"R7,R8","1k","","Resistor_THT:R_Axial_DIN0207_L6.3mm_D2.5mm_P7.62mm_Horizontal","2","","Resistor"
"R11","22","","Resistor_THT:R_Axial_DIN0207_L6.3mm_D2.5mm_P15.24mm_Horizontal","1","","Resistor"
"R12","47","","Resistor_THT:R_Axial_DIN0204_L3.6mm_D1.6mm_P7.62mm_Horizontal","1","","Resistor"
"SW11,SW12","SW_Push","","","2","","Morse Push Button,Push button switch, generic, two pins"
"U2","74HC595","http://www.ti.com/lit/ds/symlink/sn74hc595.pdf","Package_DIP:DIP-16_W7.62mm","1","","8-bit serial in/out Shift Register 3-State Outputs"
